2026-07-08_20-11-26,---,draft.go:2026-07-08_20-11-26
2026-07-08_20-13-05,---,draft.go:2026-07-08_20-13-05
2026-07-08_20-15-27,0,draft.go:2026-07-08_20-13-05
2026-07-08_22-57-25,0,draft.go:2026-07-08_22-57-25
2026-07-08_23-01-50,0,draft.go:2026-07-08_23-01-50
2026-07-08_23-03-53,0,draft.go:2026-07-08_23-03-53
2026-07-08_23-05-02,0,draft.go:2026-07-08_23-05-02
2026-07-08_23-05-58,0,draft.go:2026-07-08_23-05-02
2026-07-08_23-07-54,0,draft.go:2026-07-08_23-05-02
2026-07-08_23-08-50,0,draft.go:2026-07-08_23-08-50
2026-07-08_23-11-01,0,draft.go:2026-07-08_23-11-01
2026-07-08_23-11-38,0,draft.go:2026-07-08_23-11-38
2026-07-08_23-11-50,0,draft.go:2026-07-08_23-11-38
2026-07-08_23-12-03,100,draft.go:2026-07-08_23-12-03
2026-07-08_23-12-04,100,draft.go:2026-07-08_23-12-03
