2026-03-23_16-25-14,0,draft.go:2026-03-23_16-25-14
2026-03-23_16-25-45,0,draft.go:2026-03-23_16-25-45
2026-03-30_15-51-38,---,draft.go:2026-03-30_15-51-38
2026-03-30_15-53-05,0,draft.go:2026-03-30_15-51-38
2026-05-19_16-17-15,0,draft.go:2026-03-30_15-51-38
2026-05-19_16-22-59,---,draft.go:2026-03-30_15-51-38
2026-05-19_16-41-03,0,draft.go:2026-05-19_16-41-03
2026-05-19_16-42-22,0,draft.go:2026-05-19_16-42-22
2026-05-19_16-51-43,0,draft.go:2026-05-19_16-51-43
2026-05-19_16-52-44,0,draft.go:2026-05-19_16-52-44
2026-05-19_16-53-09,0,draft.go:2026-05-19_16-52-44
2026-05-19_16-53-58,0,draft.go:2026-05-19_16-53-58
2026-05-19_16-54-33,0,draft.go:2026-05-19_16-54-33
2026-05-19_16-55-30,0,draft.go:2026-05-19_16-55-30
2026-05-19_17-02-05,0,draft.go:2026-05-19_16-55-30
