2026-05-25_17-03-25,0,main.go:2026-05-25_17-03-25;queue.go:2026-05-25_17-03-25
2026-05-25_17-03-25,---,main.go:2026-05-25_17-03-25;queue.go:2026-05-25_17-03-25
2026-07-12_10-50-49,0,main.go:2026-07-12_10-50-49;queue.go:2026-07-12_10-50-49
2026-07-12_10-56-22,0,main.go:2026-07-12_10-50-49;queue.go:2026-07-12_10-50-49
2026-07-12_11-01-27,0,main.go:2026-07-12_11-01-27;queue.go:2026-07-12_10-50-49
2026-07-12_11-01-39,0,main.go:2026-07-12_11-01-39;queue.go:2026-07-12_10-50-49
2026-07-12_11-02-35,0,main.go:2026-07-12_11-02-35;queue.go:2026-07-12_10-50-49
2026-07-12_11-03-00,0,main.go:2026-07-12_11-03-00;queue.go:2026-07-12_10-50-49
2026-07-12_11-03-35,10,main.go:2026-07-12_11-03-35;queue.go:2026-07-12_10-50-49
2026-07-12_11-04-34,0,main.go:2026-07-12_11-04-34;queue.go:2026-07-12_10-50-49
2026-07-12_11-05-13,0,main.go:2026-07-12_11-05-13;queue.go:2026-07-12_10-50-49
2026-07-12_11-05-24,100,main.go:2026-07-12_11-05-24;queue.go:2026-07-12_10-50-49
