2026-07-12_12-16-30,0,main.go:2026-07-12_12-16-30;stack.go:2026-07-12_12-16-30
2026-07-12_12-17-13,0,main.go:2026-07-12_12-17-13;stack.go:2026-07-12_12-16-30
2026-07-12_12-22-10,0,main.go:2026-07-12_12-22-10;stack.go:2026-07-12_12-16-30
2026-07-12_12-24-43,0,main.go:2026-07-12_12-24-43;stack.go:2026-07-12_12-16-30
2026-07-12_12-27-46,0,main.go:2026-07-12_12-27-46;stack.go:2026-07-12_12-16-30
2026-07-12_12-30-21,0,main.go:2026-07-12_12-30-21;stack.go:2026-07-12_12-16-30
2026-07-12_12-30-34,0,main.go:2026-07-12_12-30-34;stack.go:2026-07-12_12-16-30
2026-07-12_12-31-42,0,main.go:2026-07-12_12-31-42;stack.go:2026-07-12_12-16-30
2026-07-12_12-32-29,0,main.go:2026-07-12_12-31-42;stack.go:2026-07-12_12-16-30
2026-07-12_12-39-54,0,main.go:2026-07-12_12-39-54;stack.go:2026-07-12_12-16-30
2026-07-12_12-42-11,0,main.go:2026-07-12_12-42-11;stack.go:2026-07-12_12-16-30
2026-07-12_12-44-13,20,main.go:2026-07-12_12-44-13;stack.go:2026-07-12_12-16-30
2026-07-12_12-45-05,0,main.go:2026-07-12_12-45-05;stack.go:2026-07-12_12-16-30
2026-07-12_12-49-54,100,main.go:2026-07-12_12-49-54;stack.go:2026-07-12_12-16-30
2026-07-12_13-28-57,100,main.go:2026-07-12_12-49-54;stack.go:2026-07-12_12-16-30
