2026-06-08_07-12-05,---,shell.go:2026-06-08_07-12-05
2026-06-08_07-14-33,---,shell.go:2026-06-08_07-12-05
2026-06-08_07-24-32,---,shell.go:2026-06-08_07-24-32
2026-06-08_07-25-50,---,shell.go:2026-06-08_07-24-32
2026-06-08_07-27-23,0,shell.go:2026-06-08_07-27-23
2026-06-08_07-32-18,0,shell.go:2026-06-08_07-32-18
2026-06-08_07-41-57,0,shell.go:2026-06-08_07-41-57
2026-06-08_07-52-15,0,shell.go:2026-06-08_07-52-15
2026-06-08_07-52-29,0,shell.go:2026-06-08_07-52-15
2026-06-08_07-52-38,0,shell.go:2026-06-08_07-52-15
2026-06-08_07-55-45,0,shell.go:2026-06-08_07-55-45
2026-06-08_07-56-08,0,shell.go:2026-06-08_07-55-45
2026-06-08_07-56-56,71,shell.go:2026-06-08_07-56-56
2026-06-08_07-58-07,71,shell.go:2026-06-08_07-58-07
2026-06-08_07-58-33,71,shell.go:2026-06-08_07-58-33
2026-06-08_07-58-50,71,shell.go:2026-06-08_07-58-50
2026-06-08_07-59-41,71,shell.go:2026-06-08_07-59-41
2026-06-08_08-02-41,85,shell.go:2026-06-08_08-02-41
2026-06-08_08-03-46,100,shell.go:2026-06-08_08-03-46
2026-07-02_15-10-07,100,shell.go:2026-07-02_15-10-07
2026-07-02_15-11-02,100,shell.go:2026-07-02_15-10-07
