2026-07-11_18-46-17,0,dlist.go:2026-07-11_18-46-17;main.go:2026-07-11_18-46-17
2026-07-11_18-46-22,0,dlist.go:2026-07-11_18-46-17;main.go:2026-07-11_18-46-22
2026-07-11_19-01-31,0,dlist.go:2026-07-11_19-01-31;main.go:2026-07-11_19-01-31
2026-07-11_19-02-42,0,dlist.go:2026-07-11_19-02-42;main.go:2026-07-11_19-01-31
2026-07-11_19-08-34,0,dlist.go:2026-07-11_19-02-42;main.go:2026-07-11_19-08-34
2026-07-11_19-08-58,0,dlist.go:2026-07-11_19-02-42;main.go:2026-07-11_19-08-58
2026-07-11_19-10-34,0,dlist.go:2026-07-11_19-02-42;main.go:2026-07-11_19-10-34
2026-07-11_19-11-52,0,dlist.go:2026-07-11_19-02-42;main.go:2026-07-11_19-11-52
2026-07-11_19-12-53,0,dlist.go:2026-07-11_19-02-42;main.go:2026-07-11_19-12-53
2026-07-11_19-13-42,0,dlist.go:2026-07-11_19-02-42;main.go:2026-07-11_19-13-42
2026-07-11_19-16-29,100,dlist.go:2026-07-11_19-02-42;main.go:2026-07-11_19-16-29
