2026-03-22_21-38-07,---,draft.go:2026-03-22_21-38-07
2026-03-22_22-02-13,---,draft.go:2026-03-22_22-02-13
2026-03-22_23-31-53,---,draft.go:2026-03-22_23-31-53
2026-03-22_23-32-55,0,draft.go:2026-03-22_23-31-53
2026-03-22_23-33-14,0,draft.go:2026-03-22_23-33-14
2026-03-22_23-34-02,0,draft.go:2026-03-22_23-34-02
2026-03-22_23-37-24,---,draft.go:2026-03-22_23-37-24
2026-03-22_23-44-27,---,draft.go:2026-03-22_23-37-24
2026-03-22_23-45-17,0,draft.go:2026-03-22_23-37-24
2026-03-22_23-45-29,0,draft.go:2026-03-22_23-37-24
2026-03-22_23-46-25,0,draft.go:2026-03-22_23-46-25
2026-03-22_23-47-55,100,draft.go:2026-03-22_23-47-55
2026-03-22_23-51-11,---,draft.go:2026-03-22_23-47-55
2026-03-22_23-52-08,100,draft.go:2026-03-22_23-52-08
