2026-06-08_08-54-35,---,draft.go:2026-06-08_08-54-35
2026-06-08_08-57-57,0,draft.go:2026-06-08_08-54-35
2026-06-08_09-00-35,---,draft.go:2026-06-08_08-54-35
2026-07-12_15-45-44,50,draft.go:2026-07-12_15-45-44
2026-07-12_15-49-06,50,draft.go:2026-07-12_15-49-06
2026-07-12_15-50-26,50,draft.go:2026-07-12_15-49-06
2026-07-12_15-51-18,50,draft.go:2026-07-12_15-51-18
2026-07-12_15-51-43,50,draft.go:2026-07-12_15-51-43
2026-07-12_15-52-00,50,draft.go:2026-07-12_15-52-00
2026-07-12_15-56-37,50,draft.go:2026-07-12_15-56-37
2026-07-12_16-03-24,100,draft.go:2026-07-12_16-03-24
2026-07-12_16-05-24,100,draft.go:2026-07-12_16-03-24
