2026-03-16_14-29-32,0,draft.go:2026-03-16_14-29-32
2026-03-16_14-32-03,0,draft.go:2026-03-16_14-32-03
2026-03-16_14-34-35,0,draft.go:2026-03-16_14-34-35
2026-03-16_14-35-13,0,draft.go:2026-03-16_14-35-13
2026-03-16_14-37-41,0,draft.go:2026-03-16_14-37-41
2026-03-16_14-37-52,0,draft.go:2026-03-16_14-37-52
2026-03-16_14-38-29,0,draft.go:2026-03-16_14-38-29
2026-03-16_14-39-19,0,draft.go:2026-03-16_14-39-19
2026-03-16_14-39-22,0,draft.go:2026-03-16_14-39-19
2026-03-16_14-40-03,0,draft.go:2026-03-16_14-40-03
2026-03-16_14-42-47,0,draft.go:2026-03-16_14-42-47
2026-03-16_15-10-40,0,draft.go:2026-03-16_14-42-47
2026-03-16_15-10-55,0,draft.go:2026-03-16_15-10-55
2026-03-16_15-11-13,0,draft.go:2026-03-16_15-11-13
2026-03-16_15-12-41,0,draft.go:2026-03-16_15-12-41
2026-03-16_15-13-26,0,draft.go:2026-03-16_15-13-26
2026-03-16_15-13-43,0,draft.go:2026-03-16_15-13-43
2026-03-16_15-14-15,100,draft.go:2026-03-16_15-14-15
