2026-04-14_16-50-27,---,main.go:2026-04-14_16-50-27
2026-07-11_01-45-06,0,main.go:2026-07-11_01-45-06
2026-07-11_01-46-07,0,main.go:2026-07-11_01-46-07
2026-07-11_01-46-42,0,main.go:2026-07-11_01-46-42
2026-07-11_01-46-49,0,main.go:2026-07-11_01-46-49
2026-07-11_01-48-03,0,main.go:2026-07-11_01-48-03
2026-07-11_01-48-24,0,main.go:2026-07-11_01-48-24
2026-07-11_01-59-32,0,main.go:2026-07-11_01-59-32
2026-07-11_02-02-24,0,main.go:2026-07-11_02-02-24
2026-07-11_02-02-35,0,main.go:2026-07-11_02-02-24
2026-07-11_02-02-45,0,main.go:2026-07-11_02-02-45
2026-07-11_02-04-32,0,main.go:2026-07-11_02-04-32
2026-07-11_02-10-49,0,main.go:2026-07-11_02-10-49
2026-07-11_02-11-27,0,main.go:2026-07-11_02-10-49
2026-07-11_02-11-43,0,main.go:2026-07-11_02-11-43
2026-07-11_02-12-40,0,main.go:2026-07-11_02-11-43
2026-07-11_02-14-16,0,main.go:2026-07-11_02-14-16
2026-07-11_02-15-11,0,main.go:2026-07-11_02-15-11
2026-07-11_02-15-51,0,main.go:2026-07-11_02-15-51
2026-07-11_02-16-39,0,main.go:2026-07-11_02-16-39
2026-07-11_02-19-17,0,main.go:2026-07-11_02-16-39
2026-07-11_02-19-23,0,main.go:2026-07-11_02-16-39
2026-07-11_02-19-26,0,main.go:2026-07-11_02-16-39
2026-07-11_02-19-48,0,main.go:2026-07-11_02-19-48
2026-07-11_02-20-15,0,main.go:2026-07-11_02-20-15
2026-07-11_02-24-45,0,main.go:2026-07-11_02-24-45
2026-07-11_02-24-58,0,main.go:2026-07-11_02-24-58
2026-07-11_02-25-12,0,main.go:2026-07-11_02-25-12
2026-07-11_02-25-35,0,main.go:2026-07-11_02-25-35
2026-07-11_02-26-37,0,main.go:2026-07-11_02-26-37
2026-07-11_02-28-09,0,main.go:2026-07-11_02-28-09
2026-07-11_02-29-21,0,main.go:2026-07-11_02-29-21
2026-07-11_02-30-16,0,main.go:2026-07-11_02-30-16
2026-07-11_02-30-22,0,main.go:2026-07-11_02-30-16
2026-07-11_02-30-51,0,main.go:2026-07-11_02-30-51
2026-07-11_02-31-50,0,main.go:2026-07-11_02-31-50
2026-07-11_02-32-43,0,main.go:2026-07-11_02-32-43
2026-07-11_02-33-51,0,main.go:2026-07-11_02-33-51
2026-07-11_02-34-49,0,main.go:2026-07-11_02-34-49
2026-07-11_02-35-14,0,main.go:2026-07-11_02-35-14
2026-07-11_02-35-57,0,main.go:2026-07-11_02-35-57
2026-07-11_02-38-46,0,main.go:2026-07-11_02-38-46
2026-07-11_02-38-54,0,main.go:2026-07-11_02-38-46
2026-07-11_02-39-36,0,main.go:2026-07-11_02-39-36
2026-07-11_02-42-33,0,main.go:2026-07-11_02-42-33
2026-07-11_02-42-50,0,main.go:2026-07-11_02-42-50
2026-07-11_02-43-10,0,main.go:2026-07-11_02-43-10
2026-07-11_02-45-04,0,main.go:2026-07-11_02-45-04
2026-07-11_02-45-23,0,main.go:2026-07-11_02-45-23
2026-07-11_02-54-56,0,main.go:2026-07-11_02-54-56
2026-07-11_02-57-24,0,main.go:2026-07-11_02-57-24
2026-07-11_03-00-26,0,main.go:2026-07-11_03-00-26
2026-07-11_03-01-22,33,main.go:2026-07-11_03-01-22
2026-07-11_03-02-58,0,main.go:2026-07-11_03-02-58
2026-07-11_03-03-20,33,main.go:2026-07-11_03-03-20
2026-07-11_03-05-16,66,main.go:2026-07-11_03-05-16
2026-07-11_03-09-25,0,main.go:2026-07-11_03-09-25
2026-07-11_03-10-39,66,main.go:2026-07-11_03-10-39
2026-07-11_03-11-28,0,main.go:2026-07-11_03-11-28
2026-07-11_03-11-48,66,main.go:2026-07-11_03-11-48
2026-07-11_03-12-26,66,main.go:2026-07-11_03-12-26
2026-07-11_03-13-21,100,main.go:2026-07-11_03-13-21
