2026-03-22_23-26-42,---,draft.go:2026-03-22_23-26-42
2026-03-22_23-27-57,100,draft.go:2026-03-22_23-27-57
2026-03-22_23-28-18,100,draft.go:2026-03-22_23-27-57
2026-03-22_23-28-24,100,draft.go:2026-03-22_23-28-24
2026-03-22_23-28-30,100,draft.go:2026-03-22_23-28-24
2026-03-22_23-28-34,25,draft.go:2026-03-22_23-28-34
2026-03-22_23-28-38,25,draft.go:2026-03-22_23-28-34
2026-03-22_23-28-44,25,draft.go:2026-03-22_23-28-34
2026-03-22_23-28-50,100,draft.go:2026-03-22_23-28-50
2026-04-14_14-34-07,---,draft.go:2026-03-22_23-28-50
2026-04-14_14-35-53,---,draft.go:2026-03-22_23-28-50
2026-04-14_14-41-18,---,draft.go:2026-03-22_23-28-50
2026-04-14_14-41-38,100,draft.go:2026-03-22_23-28-50
2026-04-14_14-44-07,100,draft.go:2026-03-22_23-28-50
