2026-07-12_22-15-29,0,main.go:2026-07-12_22-15-29
2026-07-12_22-20-21,0,main.go:2026-07-12_22-20-21
2026-07-12_22-38-50,16,main.go:2026-07-12_22-38-50
2026-07-12_22-45-57,16,main.go:2026-07-12_22-38-50
2026-07-12_22-46-58,33,main.go:2026-07-12_22-46-58
2026-07-12_22-48-52,0,main.go:2026-07-12_22-48-52
2026-07-12_22-49-03,0,main.go:2026-07-12_22-48-52
2026-07-12_22-49-16,0,main.go:2026-07-12_22-48-52
2026-07-12_22-49-38,0,main.go:2026-07-12_22-48-52
2026-07-12_22-49-39,0,main.go:2026-07-12_22-48-52
2026-07-12_22-49-40,0,main.go:2026-07-12_22-48-52
2026-07-12_22-49-40,0,main.go:2026-07-12_22-48-52
2026-07-12_22-49-56,0,main.go:2026-07-12_22-48-52
2026-07-12_22-50-23,0,main.go:2026-07-12_22-48-52
2026-07-12_22-55-18,0,main-old.go:2026-07-12_22-55-18;main.go:2026-07-12_22-55-18
2026-07-12_22-56-05,16,main.go:2026-07-12_22-55-18
2026-07-12_23-00-06,16,main.go:2026-07-12_22-55-18
2026-07-12_23-00-36,16,main.go:2026-07-12_22-55-18
2026-07-12_23-01-24,16,main.go:2026-07-12_22-55-18
