2026-05-25_16-09-39,---,main.go:2026-05-25_16-09-39
2026-05-25_16-33-59,---,main.go:2026-05-25_16-09-39
2026-07-11_20-00-08,0,main.go:2026-05-25_16-09-39
2026-07-11_20-01-00,0,main.go:2026-07-11_20-01-00
2026-07-12_05-12-57,16,main.go:2026-07-12_05-12-57
2026-07-12_05-13-18,16,main.go:2026-07-12_05-12-57
2026-07-12_05-13-28,16,main.go:2026-07-12_05-12-57
2026-07-12_05-14-10,16,main.go:2026-07-12_05-12-57
2026-07-12_05-15-22,16,main.go:2026-07-12_05-15-22
2026-07-12_05-15-53,16,main.go:2026-07-12_05-15-53
2026-07-12_05-21-46,16,main.go:2026-07-12_05-21-46
2026-07-12_05-23-19,16,main.go:2026-07-12_05-23-19
2026-07-12_05-23-42,16,main.go:2026-07-12_05-23-19
2026-07-12_05-26-54,16,main.go:2026-07-12_05-26-54
2026-07-12_05-27-07,16,main.go:2026-07-12_05-26-54
2026-07-12_05-32-20,16,main.go:2026-07-12_05-32-20
2026-07-12_05-33-55,16,main.go:2026-07-12_05-33-55
2026-07-12_05-35-44,0,main.go:2026-07-12_05-35-44
2026-07-12_05-37-03,0,main.go:2026-07-12_05-37-03
2026-07-12_05-42-23,0,main.go:2026-07-12_05-42-23
2026-07-12_05-43-49,50,main.go:2026-07-12_05-43-49
2026-07-12_05-44-06,50,main.go:2026-07-12_05-43-49
2026-07-12_05-47-20,83,main.go:2026-07-12_05-47-20
2026-07-12_05-48-54,100,main.go:2026-07-12_05-48-54
